Feature,Importance
BS,0.3654554712461677
SystolicBP,0.18348480207946086
Age,0.16325825985447193
DiastolicBP,0.12457490572821152
HeartRate,0.10395798134580052
BodyTemp,0.05926857974588747
